timestamp,user_id,action
2023-12-17 03:53:41,1579,logout
2023-12-17 04:49:24,2112,purchase
2023-12-17 14:25:54,2523,click
2023-12-17 16:38:06,5405,logout
2023-12-17 12:39:42,1329,view
2023-12-17 00:56:45,9897,click
2023-12-17 07:41:37,3171,add_to_cart
2023-12-17 18:38:24,6394,click
2023-12-17 20:05:17,9082,purchase
2023-12-17 19:19:39,7201,purchase
2023-12-17 11:28:52,1447,purchase
2023-12-17 00:54:08,8427,view
2023-12-17 07:25:44,6382,logout
2023-12-17 03:21:33,8964,add_to_cart
2023-12-17 05:33:33,7306,purchase
2023-12-17 15:08:18,7705,click
2023-12-17 17:27:57,3138,view
2023-12-17 01:19:09,9697,view
2023-12-17 11:37:26,4588,purchase
2023-12-17 15:58:23,1870,add_to_cart
2023-12-17 12:20:19,6402,view
2023-12-17 08:42:53,9941,logout
2023-12-17 03:55:10,8667,logout
2023-12-17 18:35:57,6164,purchase
2023-12-17 17:33:04,4807,view
2023-12-17 10:48:12,3087,add_to_cart
2023-12-17 03:56:25,7523,view
2023-12-17 08:01:10,6272,purchase
2023-12-17 13:03:12,1344,view
2023-12-17 18:30:39,9774,logout
2023-12-17 08:53:02,9342,purchase
2023-12-17 23:52:37,4770,purchase
2023-12-17 19:40:26,3815,add_to_cart
2023-12-17 21:01:35,8844,purchase
2023-12-17 17:45:19,3286,add_to_cart
2023-12-17 10:30:25,1178,logout
2023-12-17 05:50:07,9333,logout
2023-12-17 15:35:38,9029,add_to_cart
2023-12-17 20:15:26,8464,logout
2023-12-17 18:06:38,7002,purchase
2023-12-17 17:40:17,3144,click
2023-12-17 20:47:25,9338,logout
2023-12-17 04:14:56,9410,click
2023-12-17 00:34:54,3075,logout
2023-12-17 18:11:11,6403,click
2023-12-17 01:44:44,8186,purchase
2023-12-17 21:29:43,1802,click
2023-12-17 11:52:41,8115,click
2023-12-17 03:05:49,4893,view
2023-12-17 03:01:53,5891,view
2023-12-17 08:04:44,1556,purchase
2023-12-17 19:05:50,7818,click
2023-12-17 08:13:19,3029,click
2023-12-17 09:24:30,9621,view
2023-12-17 23:15:16,9105,click
2023-12-17 06:10:23,5202,add_to_cart
2023-12-17 00:18:34,8319,click
2023-12-17 19:29:46,6542,click
2023-12-17 23:45:00,6990,click
2023-12-17 15:18:26,2373,view
2023-12-17 22:09:00,5802,purchase
2023-12-17 11:52:46,3738,logout
2023-12-17 11:34:28,6012,view
2023-12-17 07:11:28,4808,logout
2023-12-17 21:18:47,8144,view
2023-12-17 21:22:23,9142,add_to_cart
2023-12-17 00:26:51,7201,logout
2023-12-17 10:30:03,7385,view
2023-12-17 08:32:38,3220,view
2023-12-17 16:51:52,6978,purchase
2023-12-17 19:59:54,5274,logout
2023-12-17 01:53:32,4220,logout
2023-12-17 11:46:04,9267,click
2023-12-17 03:05:14,2854,click
2023-12-17 02:43:47,8288,view
2023-12-17 00:23:53,2427,add_to_cart
2023-12-17 00:46:15,3401,purchase
2023-12-17 04:35:26,5683,logout
2023-12-17 08:30:23,6794,click
2023-12-17 11:19:44,7069,click
2023-12-17 18:28:00,3320,click
2023-12-17 21:51:18,2033,add_to_cart
2023-12-17 12:47:27,3145,add_to_cart
2023-12-17 17:25:41,6447,click
2023-12-17 12:56:12,5242,purchase
2023-12-17 20:56:35,5844,purchase
2023-12-17 13:25:24,8663,purchase
2023-12-17 15:09:29,8444,view
2023-12-17 21:12:50,4815,click
2023-12-17 23:21:55,2337,add_to_cart
2023-12-17 02:53:11,1272,logout
2023-12-17 11:47:41,7949,view
2023-12-17 09:51:33,6242,click
2023-12-17 03:46:16,5070,logout
2023-12-17 22:51:18,8115,view
2023-12-17 22:17:43,9850,add_to_cart
2023-12-17 03:38:24,7214,click
2023-12-17 15:32:59,6402,logout
2023-12-17 11:49:12,6361,logout
2023-12-17 16:47:43,3042,click
2023-12-17 23:43:09,7059,purchase
2023-12-17 17:23:15,7698,view
2023-12-17 03:55:20,3600,logout
2023-12-17 08:21:22,3814,add_to_cart
2023-12-17 14:28:29,4427,purchase
2023-12-17 19:01:53,4218,view
2023-12-17 00:03:26,3102,click
2023-12-17 10:18:19,3144,purchase
2023-12-17 16:04:37,4399,view
2023-12-17 09:44:04,5426,view
2023-12-17 12:07:34,8982,logout
2023-12-17 21:15:56,6496,view
2023-12-17 16:42:12,9492,add_to_cart
2023-12-17 11:57:06,8026,add_to_cart
2023-12-17 10:23:42,1530,add_to_cart
2023-12-17 22:41:14,9807,click
2023-12-17 07:46:30,2514,view
2023-12-17 19:32:01,2627,purchase
2023-12-17 02:17:03,9989,click
2023-12-17 13:34:22,4331,purchase
2023-12-17 10:12:40,6022,purchase
2023-12-17 00:21:31,4310,click
2023-12-17 08:12:21,6379,click
2023-12-17 21:46:20,3740,logout
2023-12-17 02:44:12,6329,click
2023-12-17 03:43:11,5648,purchase
2023-12-17 05:13:12,7995,purchase
2023-12-17 18:42:01,7164,purchase
2023-12-17 07:30:48,9973,view
2023-12-17 19:59:08,2100,view
2023-12-17 08:03:47,2634,logout
2023-12-17 04:41:36,1055,purchase
2023-12-17 05:16:30,1413,click
2023-12-17 06:12:58,1940,view
2023-12-17 19:10:44,3385,logout
2023-12-17 18:45:46,3615,add_to_cart
2023-12-17 13:17:53,7773,logout
2023-12-17 09:39:43,7194,logout
2023-12-17 23:47:17,5901,click
2023-12-17 09:26:44,5914,view
2023-12-17 08:58:25,7812,view
2023-12-17 16:52:52,1044,add_to_cart
2023-12-17 10:23:07,6497,click
2023-12-17 20:48:56,1842,add_to_cart
2023-12-17 16:23:33,8369,view
2023-12-17 07:13:57,7004,purchase
2023-12-17 06:18:16,1733,logout
2023-12-17 18:35:22,4852,click
2023-12-17 05:46:07,2213,click
2023-12-17 19:39:37,9896,purchase
2023-12-17 22:22:12,2219,logout
2023-12-17 17:40:57,6988,view
2023-12-17 20:24:02,2189,purchase
2023-12-17 01:49:39,4230,logout
2023-12-17 18:43:18,2742,click
2023-12-17 00:19:20,7162,view
2023-12-17 09:41:01,8112,click
2023-12-17 21:52:52,9074,add_to_cart
2023-12-17 17:15:06,5552,click
2023-12-17 19:44:57,1192,click
2023-12-17 04:55:41,3882,click
2023-12-17 04:07:57,2853,add_to_cart
2023-12-17 10:19:24,9271,purchase
2023-12-17 10:20:16,3786,click
2023-12-17 14:34:12,2686,logout
2023-12-17 11:09:33,2091,view
2023-12-17 11:39:07,4832,add_to_cart
2023-12-17 20:31:43,7982,click
2023-12-17 02:53:53,4069,click
2023-12-17 23:19:09,1606,click
2023-12-17 22:44:51,7772,logout
2023-12-17 09:30:01,1983,logout
2023-12-17 12:02:49,6193,click
2023-12-17 04:36:25,9509,purchase
2023-12-17 07:31:11,6384,view
2023-12-17 12:42:47,2084,view
2023-12-17 04:44:36,8138,purchase
2023-12-17 20:05:01,1703,logout
2023-12-17 00:54:36,5223,logout
2023-12-17 14:54:56,8277,view
2023-12-17 08:37:17,1896,add_to_cart
2023-12-17 21:03:49,8082,purchase
2023-12-17 17:41:56,2479,view
2023-12-17 00:53:41,9619,view
2023-12-17 17:01:13,1146,purchase
2023-12-17 21:27:46,8473,click
2023-12-17 00:27:52,7253,purchase
2023-12-17 10:46:02,1769,logout
2023-12-17 11:52:44,7169,click
2023-12-17 08:35:00,2550,view
2023-12-17 07:36:16,9166,add_to_cart
2023-12-17 19:53:50,7854,add_to_cart
2023-12-17 01:09:28,4300,click
2023-12-17 00:30:49,1221,view
2023-12-17 18:26:58,7046,view
2023-12-17 09:39:53,7155,logout
2023-12-17 07:00:40,1926,add_to_cart
2023-12-17 17:55:10,9725,logout
2023-12-17 00:20:20,2638,purchase
2023-12-17 07:51:45,7485,purchase
2023-12-17 15:55:55,7816,click
2023-12-17 11:36:25,2813,add_to_cart
2023-12-17 17:50:43,2515,logout
2023-12-17 21:04:19,7756,view
2023-12-17 19:27:53,3469,purchase
2023-12-17 19:10:38,4329,click
2023-12-17 05:59:28,3625,view
2023-12-17 05:09:22,6372,purchase
2023-12-17 18:20:02,6590,add_to_cart
2023-12-17 19:16:52,1346,add_to_cart
2023-12-17 18:54:47,4061,add_to_cart
2023-12-17 11:41:10,1339,logout
2023-12-17 12:01:02,5610,view
2023-12-17 20:35:17,9851,purchase
2023-12-17 05:20:01,1748,click
2023-12-17 05:09:10,5243,view
2023-12-17 08:59:00,9952,click
2023-12-17 15:42:19,9975,add_to_cart
2023-12-17 21:39:03,6126,view
2023-12-17 04:49:42,1658,click
2023-12-17 16:43:11,9007,logout
2023-12-17 21:38:17,2536,logout
2023-12-17 23:24:16,6456,logout
2023-12-17 16:22:28,4478,view
2023-12-17 15:28:28,4415,view
2023-12-17 09:37:56,5206,click
2023-12-17 12:26:41,2601,purchase
2023-12-17 14:46:39,3393,add_to_cart
2023-12-17 10:04:44,1485,logout
2023-12-17 01:12:54,7505,purchase
2023-12-17 07:35:01,3548,add_to_cart
2023-12-17 01:56:54,9836,logout
2023-12-17 13:25:29,3571,purchase
2023-12-17 17:26:53,1032,logout
2023-12-17 20:51:59,8550,purchase
2023-12-17 10:27:29,5800,view
2023-12-17 01:56:46,7175,add_to_cart
2023-12-17 13:14:59,9437,click
2023-12-17 04:48:15,4034,click
2023-12-17 22:29:29,1554,view
2023-12-17 20:58:42,3511,click
2023-12-17 00:53:24,3585,view
2023-12-17 06:55:22,6573,logout
2023-12-17 12:55:27,8302,purchase
2023-12-17 11:14:17,3312,logout
2023-12-17 20:18:08,5448,add_to_cart
2023-12-17 01:24:28,6721,view
2023-12-17 09:23:54,9566,add_to_cart
2023-12-17 06:19:22,1171,click
2023-12-17 01:52:44,3045,logout
2023-12-17 23:16:18,3972,logout
2023-12-17 00:11:03,7227,view
2023-12-17 23:04:55,5273,view
2023-12-17 23:05:23,7583,view
2023-12-17 03:16:44,2897,add_to_cart
2023-12-17 20:29:51,4941,view
2023-12-17 16:58:05,8241,purchase
2023-12-17 14:33:00,7989,view
2023-12-17 12:34:43,8242,click
2023-12-17 13:29:44,8024,logout
2023-12-17 08:41:16,3855,add_to_cart
2023-12-17 08:16:50,7520,purchase
2023-12-17 19:16:07,8390,purchase
2023-12-17 16:27:10,4279,purchase
2023-12-17 09:32:04,4644,view
2023-12-17 12:32:28,2212,view
2023-12-17 10:08:49,3902,add_to_cart
2023-12-17 00:25:03,5973,purchase
2023-12-17 12:20:25,8562,view
2023-12-17 08:02:08,9847,logout
2023-12-17 00:54:38,9914,add_to_cart
2023-12-17 03:27:39,6775,view
2023-12-17 21:05:23,5626,add_to_cart
2023-12-17 08:20:13,1627,add_to_cart
2023-12-17 18:39:31,3407,click
2023-12-17 08:11:50,4194,purchase
2023-12-17 05:47:01,7825,click
2023-12-17 15:25:32,9633,logout
2023-12-17 13:58:42,1188,purchase
2023-12-17 22:21:40,4965,view
2023-12-17 07:50:40,7863,purchase
2023-12-17 01:26:43,5594,purchase
2023-12-17 04:31:06,4061,click
2023-12-17 08:06:45,3154,purchase
2023-12-17 16:19:52,2916,view
2023-12-17 06:51:13,8057,logout
2023-12-17 18:07:17,8788,view
2023-12-17 10:47:19,7216,view
2023-12-17 10:54:44,5314,logout
2023-12-17 05:48:36,6907,add_to_cart
2023-12-17 22:05:09,7456,purchase
2023-12-17 20:19:51,3094,click
2023-12-17 17:36:42,7845,click
2023-12-17 15:17:52,3959,logout
2023-12-17 01:22:45,3662,purchase
2023-12-17 04:52:07,1499,logout
2023-12-17 06:09:32,9091,view
2023-12-17 17:43:03,5349,click
2023-12-17 09:04:22,2787,purchase
2023-12-17 19:24:21,5614,logout
2023-12-17 21:04:51,8080,view
2023-12-17 11:45:37,3755,click
2023-12-17 23:16:05,1685,add_to_cart
2023-12-17 08:19:29,6076,purchase
2023-12-17 00:45:48,2130,add_to_cart
2023-12-17 13:49:05,6387,click
2023-12-17 15:32:46,5284,click
2023-12-17 20:15:25,7376,view
2023-12-17 10:27:22,3761,logout
2023-12-17 10:53:32,5316,logout
2023-12-17 21:16:01,8478,logout
2023-12-17 02:25:22,4902,add_to_cart
2023-12-17 00:52:56,9231,purchase
2023-12-17 19:30:01,2674,logout
2023-12-17 06:12:45,6064,add_to_cart
2023-12-17 19:30:55,8820,click
2023-12-17 15:39:21,2396,add_to_cart
2023-12-17 18:47:26,4286,add_to_cart
2023-12-17 05:43:52,5166,logout
2023-12-17 07:48:50,2670,click
2023-12-17 13:02:10,1933,view
2023-12-17 10:36:09,3562,click
2023-12-17 09:33:53,6406,click
2023-12-17 19:37:06,6545,purchase
2023-12-17 07:20:47,9188,add_to_cart
2023-12-17 13:16:48,8682,logout
2023-12-17 23:19:11,3872,click
2023-12-17 11:12:42,6380,add_to_cart
2023-12-17 13:55:38,6610,purchase
2023-12-17 18:31:41,1661,logout
2023-12-17 13:03:35,9825,click
2023-12-17 08:10:06,2086,logout
2023-12-17 03:55:10,5877,logout
2023-12-17 22:28:15,7944,logout
2023-12-17 13:38:20,1654,purchase
2023-12-17 14:17:09,3050,logout
2023-12-17 03:17:22,1547,add_to_cart
2023-12-17 22:56:37,8167,view
2023-12-17 20:55:30,8479,logout
2023-12-17 00:27:49,7972,logout
2023-12-17 13:29:14,2150,add_to_cart
2023-12-17 23:12:26,3844,click
2023-12-17 17:10:11,9442,add_to_cart
2023-12-17 13:55:54,2073,logout
2023-12-17 09:11:24,9968,click
2023-12-17 23:18:59,1117,add_to_cart
2023-12-17 06:09:05,6172,logout
2023-12-17 16:47:19,4330,add_to_cart
2023-12-17 16:11:50,8141,click
2023-12-17 13:56:26,5793,logout
2023-12-17 23:39:46,7109,add_to_cart
2023-12-17 01:13:03,7990,view
2023-12-17 04:51:52,5595,view
2023-12-17 22:00:39,3104,purchase
2023-12-17 20:58:25,1020,purchase
2023-12-17 04:08:35,1081,click
2023-12-17 05:19:49,7444,view
2023-12-17 08:54:13,8766,click
2023-12-17 22:05:40,4992,add_to_cart
2023-12-17 01:20:22,1677,click
2023-12-17 05:34:33,2692,logout
2023-12-17 08:26:33,4960,click
2023-12-17 17:46:30,5042,view
2023-12-17 10:00:45,7854,view
2023-12-17 01:56:43,7891,view
2023-12-17 23:21:50,3303,purchase
2023-12-17 12:05:16,9248,click
2023-12-17 16:11:07,6082,click
2023-12-17 17:03:36,7868,purchase
2023-12-17 04:45:48,3464,click
2023-12-17 19:59:28,7394,logout
2023-12-17 07:52:49,8597,add_to_cart
2023-12-17 04:34:46,6488,purchase
2023-12-17 12:42:09,4762,view
2023-12-17 06:22:30,3039,view
2023-12-17 13:20:07,3510,view
2023-12-17 15:39:35,1090,add_to_cart
2023-12-17 13:31:55,7803,logout
2023-12-17 11:25:48,7734,view
2023-12-17 14:07:51,8621,view
2023-12-17 14:34:15,1707,view
2023-12-17 21:44:53,3560,logout
2023-12-17 11:19:19,8691,logout
2023-12-17 04:32:13,5541,logout
2023-12-17 11:32:05,2621,view
2023-12-17 19:45:09,2792,purchase
2023-12-17 00:43:44,8932,view
2023-12-17 08:47:14,3858,add_to_cart
2023-12-17 09:39:14,9379,view
2023-12-17 00:49:56,4875,view
2023-12-17 13:47:17,1114,purchase
2023-12-17 04:06:18,1241,add_to_cart
2023-12-17 11:04:45,5934,view
2023-12-17 19:39:41,7166,click
2023-12-17 20:41:12,8376,logout
2023-12-17 01:40:58,6584,add_to_cart
2023-12-17 04:03:25,7245,add_to_cart
2023-12-17 08:47:09,1536,click
2023-12-17 11:36:24,8910,click
2023-12-17 15:22:37,2008,add_to_cart
2023-12-17 15:48:06,7360,purchase
2023-12-17 23:01:52,5671,view
2023-12-17 15:52:24,6202,add_to_cart
2023-12-17 04:10:25,2412,view
2023-12-17 23:05:15,2591,add_to_cart
2023-12-17 14:24:25,4959,add_to_cart
2023-12-17 07:46:42,4673,view
2023-12-17 07:48:37,1210,click
2023-12-17 01:46:18,6106,purchase
2023-12-17 23:27:02,2798,logout
2023-12-17 01:28:36,6033,view
2023-12-17 03:00:46,9410,view
2023-12-17 02:17:41,9774,add_to_cart
2023-12-17 13:33:07,3203,logout
2023-12-17 14:31:27,5667,logout
2023-12-17 20:44:23,2963,logout
2023-12-17 04:04:47,6739,click
2023-12-17 22:26:29,8669,click
2023-12-17 06:34:39,5593,purchase
2023-12-17 08:57:43,8558,purchase
2023-12-17 09:22:21,2924,logout
2023-12-17 22:15:10,8013,click
2023-12-17 00:08:42,2467,add_to_cart
2023-12-17 21:00:52,2475,purchase
2023-12-17 17:20:46,1108,logout
2023-12-17 10:46:05,4422,purchase
2023-12-17 09:45:42,7506,logout
2023-12-17 17:36:36,5356,add_to_cart
2023-12-17 21:18:15,7493,click
2023-12-17 23:55:45,3548,logout
2023-12-17 14:05:38,1367,purchase
2023-12-17 07:18:55,5757,click
2023-12-17 19:28:21,1831,purchase
2023-12-17 16:42:47,6072,purchase
2023-12-17 07:52:23,9825,add_to_cart
2023-12-17 10:24:08,5646,add_to_cart
2023-12-17 19:15:07,1722,click
2023-12-17 18:42:14,7893,purchase
2023-12-17 21:48:03,8601,logout
2023-12-17 20:10:04,5845,view
2023-12-17 01:04:29,6546,purchase
2023-12-17 14:42:05,7628,logout
2023-12-17 22:46:20,3351,view
2023-12-17 14:04:47,2560,view
2023-12-17 06:57:46,8381,logout
2023-12-17 17:44:59,2249,add_to_cart
2023-12-17 14:16:57,4407,click
2023-12-17 04:17:05,1609,add_to_cart
2023-12-17 19:04:50,6370,purchase
2023-12-17 00:01:59,3126,click
2023-12-17 13:53:09,8772,add_to_cart
2023-12-17 07:15:41,4593,click
2023-12-17 05:17:39,9183,click
2023-12-17 11:14:54,8402,purchase
2023-12-17 22:43:50,6750,logout
2023-12-17 08:25:06,5225,logout
2023-12-17 07:06:34,7886,logout
2023-12-17 04:20:10,8893,view
2023-12-17 09:18:08,9894,purchase
2023-12-17 16:57:28,3183,logout
2023-12-17 20:26:50,9664,view
2023-12-17 02:25:37,6018,purchase
2023-12-17 20:53:49,8597,view
2023-12-17 22:41:11,2985,purchase
2023-12-17 19:03:53,6289,click
2023-12-17 00:58:18,3614,click
2023-12-17 20:05:22,8054,view
2023-12-17 09:24:40,2130,view
2023-12-17 04:46:40,9404,logout
2023-12-17 07:28:56,5627,purchase
2023-12-17 22:28:39,3375,logout
2023-12-17 05:14:59,8424,click
2023-12-17 22:05:24,4525,purchase
2023-12-17 22:40:34,4214,view
2023-12-17 22:51:52,2196,click
2023-12-17 12:01:50,1509,view
2023-12-17 10:59:37,9747,view
2023-12-17 09:59:03,8440,purchase
2023-12-17 22:17:14,1065,logout
2023-12-17 21:44:49,4687,add_to_cart
2023-12-17 19:58:34,8628,logout
2023-12-17 17:28:24,2414,add_to_cart
2023-12-17 16:48:11,5001,logout
2023-12-17 00:25:47,1816,click
2023-12-17 23:07:42,6055,view
2023-12-17 12:29:23,4254,add_to_cart
2023-12-17 13:28:43,5229,logout
2023-12-17 12:24:03,1189,purchase
2023-12-17 15:41:58,6447,logout
2023-12-17 12:59:36,6854,add_to_cart
2023-12-17 12:39:28,2754,purchase
2023-12-17 07:23:34,5069,view
2023-12-17 14:39:52,4059,click
2023-12-17 04:57:53,6328,purchase
2023-12-17 08:30:15,3912,add_to_cart
2023-12-17 14:15:02,6934,click
2023-12-17 11:11:41,5732,add_to_cart
2023-12-17 07:03:09,4832,add_to_cart
2023-12-17 07:42:25,6019,view
2023-12-17 22:59:49,4480,view
2023-12-17 18:44:35,2942,view
2023-12-17 10:21:40,1060,purchase
2023-12-17 08:51:02,2973,click
2023-12-17 03:21:04,5833,click
2023-12-17 14:49:35,8572,click
2023-12-17 07:29:51,8102,view
2023-12-17 14:55:06,7279,purchase
2023-12-17 18:32:06,6623,click
2023-12-17 08:24:45,4414,logout
2023-12-17 13:30:05,2082,view
2023-12-17 18:13:53,4651,logout
2023-12-17 15:07:39,7529,purchase
2023-12-17 07:29:54,1350,logout
2023-12-17 04:54:03,3922,logout
2023-12-17 03:40:51,8465,add_to_cart
2023-12-17 19:54:25,6957,view
2023-12-17 01:17:07,6037,add_to_cart
2023-12-17 06:45:54,1583,purchase
2023-12-17 00:27:14,9986,logout
2023-12-17 19:45:24,7539,logout
2023-12-17 10:04:35,2923,logout
2023-12-17 05:05:05,2232,view
2023-12-17 16:02:05,8786,logout
2023-12-17 23:47:50,1216,add_to_cart
2023-12-17 04:03:27,1996,logout
2023-12-17 21:15:10,3256,purchase
2023-12-17 19:45:46,9480,view
2023-12-17 04:01:14,4644,logout
2023-12-17 15:40:53,4826,logout
2023-12-17 11:02:39,2668,add_to_cart
2023-12-17 09:19:56,2470,add_to_cart
2023-12-17 09:49:25,1236,click
2023-12-17 19:04:34,6845,purchase
2023-12-17 16:08:03,3394,add_to_cart
2023-12-17 17:33:32,5982,add_to_cart
2023-12-17 05:38:33,9937,purchase
2023-12-17 05:13:32,4148,purchase
2023-12-17 16:37:05,7494,add_to_cart
2023-12-17 18:25:04,5777,purchase
2023-12-17 03:23:53,7042,view
2023-12-17 03:50:08,6967,logout
2023-12-17 01:58:04,3419,view
2023-12-17 03:18:09,3502,purchase
2023-12-17 16:09:52,1782,add_to_cart
2023-12-17 12:55:08,4226,view
2023-12-17 06:38:31,4736,click
2023-12-17 05:32:27,8712,click
2023-12-17 05:58:27,4992,logout
2023-12-17 19:04:02,2442,click
2023-12-17 13:40:51,3077,purchase
2023-12-17 13:05:38,9571,logout
2023-12-17 06:58:09,4072,logout
2023-12-17 00:01:57,6138,logout
2023-12-17 17:55:25,8999,view
2023-12-17 03:05:51,2051,purchase
2023-12-17 14:50:29,8715,view
2023-12-17 02:28:45,8839,view
2023-12-17 19:49:40,5009,purchase
2023-12-17 08:27:44,3662,purchase
2023-12-17 10:26:01,1174,add_to_cart
2023-12-17 07:06:04,6950,logout
2023-12-17 18:11:00,7645,click
2023-12-17 15:43:40,5777,logout
2023-12-17 15:40:43,6301,add_to_cart
2023-12-17 18:27:05,3137,add_to_cart
2023-12-17 20:31:29,9397,purchase
2023-12-17 05:54:55,4110,logout
2023-12-17 01:26:07,5588,view
2023-12-17 05:36:53,2597,add_to_cart
2023-12-17 23:56:57,5259,click
2023-12-17 06:54:34,3106,view
2023-12-17 06:57:47,1242,logout
2023-12-17 05:57:29,5407,click
2023-12-17 04:37:20,1627,click
2023-12-17 07:51:15,8248,logout
2023-12-17 20:39:27,7641,click
2023-12-17 01:01:43,3160,click
2023-12-17 18:55:07,7417,logout
2023-12-17 07:33:07,8955,purchase
2023-12-17 19:06:38,1073,click
2023-12-17 21:37:31,1428,add_to_cart
2023-12-17 05:46:02,6314,purchase
2023-12-17 13:19:23,7914,click
2023-12-17 20:50:52,4684,logout
2023-12-17 21:04:06,4856,add_to_cart
2023-12-17 21:44:36,8605,logout
2023-12-17 08:33:46,5985,view
2023-12-17 05:35:16,4979,purchase
2023-12-17 11:53:13,7243,logout
2023-12-17 21:03:21,4862,logout
2023-12-17 13:48:22,9924,add_to_cart
2023-12-17 11:37:58,1258,add_to_cart
2023-12-17 01:44:29,1034,logout
2023-12-17 06:25:42,4726,add_to_cart
2023-12-17 15:00:43,1160,click
2023-12-17 00:43:17,7232,purchase
2023-12-17 10:47:14,8863,logout
2023-12-17 13:47:20,3733,view
2023-12-17 09:59:29,1491,click
2023-12-17 20:55:52,6102,add_to_cart
2023-12-17 18:28:56,3328,view
2023-12-17 08:26:05,3394,add_to_cart
2023-12-17 00:04:41,8537,purchase
2023-12-17 00:47:15,9640,add_to_cart
2023-12-17 02:23:14,1833,add_to_cart
2023-12-17 09:59:49,5685,click
2023-12-17 14:52:41,7821,add_to_cart
2023-12-17 16:14:25,6992,click
2023-12-17 15:03:51,7084,logout
2023-12-17 14:16:16,9750,click
2023-12-17 18:31:29,7185,click
2023-12-17 10:50:49,4699,logout
2023-12-17 14:07:41,9864,click
2023-12-17 16:04:58,8957,click
2023-12-17 17:46:49,8070,add_to_cart
2023-12-17 12:40:43,5700,click
2023-12-17 00:06:39,8108,click
2023-12-17 18:51:13,4383,view
2023-12-17 02:28:30,6549,logout
2023-12-17 21:30:58,7758,view
2023-12-17 19:38:48,8089,click
2023-12-17 03:55:03,5399,add_to_cart
2023-12-17 10:25:29,7160,add_to_cart
2023-12-17 00:00:04,6639,view
2023-12-17 22:34:52,8605,view
2023-12-17 14:26:08,7009,view
2023-12-17 22:56:18,3119,click
2023-12-17 01:37:00,1995,click
2023-12-17 00:37:32,9300,purchase
2023-12-17 01:29:06,6097,add_to_cart
2023-12-17 19:36:06,4053,add_to_cart
2023-12-17 18:01:25,1778,purchase
2023-12-17 02:17:53,2881,purchase
2023-12-17 10:27:00,5174,view
2023-12-17 11:56:18,2620,view
2023-12-17 16:47:15,1264,logout
2023-12-17 22:29:09,3568,purchase
2023-12-17 12:27:02,3578,click
2023-12-17 18:26:00,8838,logout
2023-12-17 00:22:17,7687,add_to_cart
2023-12-17 14:16:33,1915,click
2023-12-17 12:12:50,9452,add_to_cart
2023-12-17 14:32:30,4734,logout
2023-12-17 15:35:55,3647,add_to_cart
2023-12-17 18:48:39,7143,view
2023-12-17 03:13:43,3262,purchase
2023-12-17 15:03:23,4900,add_to_cart
2023-12-17 05:57:04,3977,logout
2023-12-17 21:51:41,7091,add_to_cart
2023-12-17 02:34:49,3560,view
2023-12-17 09:44:21,5388,click
2023-12-17 07:09:01,4688,logout
2023-12-17 19:25:01,3882,logout
2023-12-17 22:42:17,3252,click
2023-12-17 11:38:41,2694,view
2023-12-17 19:17:57,9818,click
2023-12-17 04:20:54,8027,click
2023-12-17 07:06:54,6069,logout
2023-12-17 03:58:10,7634,click
2023-12-17 05:45:47,6141,add_to_cart
2023-12-17 14:06:40,9292,purchase
2023-12-17 03:51:15,2548,add_to_cart
2023-12-17 07:56:57,2117,logout
2023-12-17 05:36:03,1065,view
2023-12-17 20:24:59,3094,purchase
2023-12-17 07:05:40,9005,click
2023-12-17 20:54:02,9459,view
2023-12-17 10:52:24,3330,purchase
2023-12-17 17:53:54,2977,view
2023-12-17 21:56:55,5774,logout
2023-12-17 07:58:13,3322,add_to_cart
2023-12-17 21:45:46,2456,click
2023-12-17 21:57:08,6187,view
2023-12-17 09:54:30,5441,purchase
2023-12-17 07:04:30,3179,purchase
2023-12-17 01:56:26,6079,logout
2023-12-17 20:57:05,8561,purchase
2023-12-17 14:01:06,7329,click
2023-12-17 11:00:18,8751,add_to_cart
2023-12-17 00:03:54,7399,view
2023-12-17 10:10:28,1670,purchase
2023-12-17 02:38:37,4834,logout
2023-12-17 22:42:48,4612,click
2023-12-17 02:37:47,8731,click
2023-12-17 09:47:29,6985,click
2023-12-17 00:57:58,9803,logout
2023-12-17 20:05:44,4590,add_to_cart
2023-12-17 12:38:17,8509,click
2023-12-17 23:08:25,4483,add_to_cart
2023-12-17 20:05:54,7480,purchase
2023-12-17 23:04:46,5575,view
2023-12-17 05:18:20,3099,click
2023-12-17 02:08:45,3399,view
2023-12-17 17:25:05,8464,add_to_cart
2023-12-17 13:37:48,2819,click
2023-12-17 01:13:09,6416,click
2023-12-17 04:35:53,9981,purchase
2023-12-17 05:38:44,5869,logout
2023-12-17 23:22:49,9058,add_to_cart
2023-12-17 11:02:52,9010,add_to_cart
2023-12-17 01:34:14,5723,add_to_cart
2023-12-17 16:41:11,1462,click
2023-12-17 18:26:44,4336,logout
2023-12-17 16:21:37,5013,purchase
2023-12-17 22:45:23,8205,add_to_cart
2023-12-17 11:01:45,5304,view
2023-12-17 18:43:48,9783,purchase
2023-12-17 21:43:50,1243,click
2023-12-17 12:01:30,3619,view
2023-12-17 01:34:35,5654,view
2023-12-17 06:03:24,4408,click
2023-12-17 22:03:37,2939,logout
2023-12-17 23:31:24,4600,click
2023-12-17 18:36:27,2543,add_to_cart
2023-12-17 04:01:30,1071,click
2023-12-17 17:10:09,2209,view
2023-12-17 03:37:26,9674,view
2023-12-17 21:41:42,2891,click
2023-12-17 01:10:29,4381,view
2023-12-17 19:22:05,8073,purchase
2023-12-17 21:08:36,7635,view
2023-12-17 20:45:09,8555,purchase
2023-12-17 10:36:09,1776,logout
2023-12-17 17:40:32,1691,logout
2023-12-17 20:46:43,9654,logout
2023-12-17 07:38:22,9865,purchase
2023-12-17 10:15:56,6959,add_to_cart
2023-12-17 20:42:56,1558,click
2023-12-17 20:24:43,9172,purchase
2023-12-17 03:53:05,8822,add_to_cart
2023-12-17 06:37:33,2864,view
2023-12-17 03:28:59,3479,click
2023-12-17 04:40:55,8681,logout
2023-12-17 04:02:47,3826,view
2023-12-17 10:22:24,2361,logout
2023-12-17 20:57:06,9095,purchase
2023-12-17 03:59:05,8001,purchase
2023-12-17 03:31:28,9428,click
2023-12-17 13:48:51,5080,add_to_cart
2023-12-17 21:49:44,9327,add_to_cart
2023-12-17 14:07:08,9136,add_to_cart
2023-12-17 02:01:13,6973,view
2023-12-17 21:33:22,7370,add_to_cart
2023-12-17 20:07:58,6691,logout
2023-12-17 07:15:42,7382,view
2023-12-17 09:28:02,6460,purchase
2023-12-17 15:35:15,7954,view
2023-12-17 05:02:13,2049,view
2023-12-17 08:30:18,9645,view
2023-12-17 19:07:49,9448,add_to_cart
2023-12-17 11:51:38,3780,view
2023-12-17 09:42:37,4819,add_to_cart
2023-12-17 15:50:34,3687,purchase
2023-12-17 22:49:16,9544,purchase
2023-12-17 08:06:53,9524,logout
2023-12-17 21:23:31,8917,logout
2023-12-17 06:43:04,5626,purchase
2023-12-17 06:53:14,8642,view
2023-12-17 04:48:28,3106,add_to_cart
2023-12-17 04:33:06,9774,purchase
2023-12-17 20:46:29,8600,logout
2023-12-17 09:05:15,2246,view
2023-12-17 23:11:24,6757,click
2023-12-17 09:21:56,5869,view
2023-12-17 20:46:05,8074,add_to_cart
2023-12-17 06:51:05,1308,click
2023-12-17 04:04:44,3921,view
2023-12-17 06:38:28,6529,view
2023-12-17 20:38:07,8949,logout
2023-12-17 23:19:00,3599,click
2023-12-17 00:30:48,2175,logout
2023-12-17 13:18:15,1821,click
2023-12-17 20:33:43,3310,logout
2023-12-17 10:46:40,3716,logout
2023-12-17 12:59:28,4122,click
2023-12-17 06:21:39,9672,logout
2023-12-17 19:09:44,8131,logout
2023-12-17 01:22:22,6190,add_to_cart
2023-12-17 17:15:48,6244,purchase
2023-12-17 00:27:21,1544,purchase
2023-12-17 11:48:26,2443,logout
2023-12-17 15:10:31,1212,click
2023-12-17 09:39:47,5313,add_to_cart
2023-12-17 03:02:02,7957,logout
2023-12-17 03:42:45,8750,view
2023-12-17 05:58:41,4399,purchase
2023-12-17 17:55:38,1660,purchase
2023-12-17 19:59:35,7210,view
2023-12-17 12:57:36,6374,view
2023-12-17 10:58:41,1483,logout
2023-12-17 11:16:37,1676,purchase
2023-12-17 22:18:24,8812,logout
2023-12-17 04:46:01,3776,logout
2023-12-17 05:57:27,3768,logout
2023-12-17 08:31:40,8005,click
2023-12-17 04:02:40,8815,add_to_cart
2023-12-17 05:53:28,7015,add_to_cart
2023-12-17 00:49:21,3290,view
2023-12-17 07:12:37,6119,click
2023-12-17 00:15:44,6789,click
2023-12-17 04:56:33,4686,add_to_cart
2023-12-17 12:29:34,1739,purchase
2023-12-17 13:39:45,6833,logout
2023-12-17 17:23:47,3049,add_to_cart
2023-12-17 19:44:11,3186,add_to_cart
2023-12-17 03:11:14,6408,view
2023-12-17 21:26:07,5349,logout
2023-12-17 20:50:44,2855,add_to_cart
2023-12-17 22:38:11,8474,view
2023-12-17 06:59:41,2759,logout
2023-12-17 14:33:57,3850,add_to_cart
2023-12-17 05:52:52,5511,click
2023-12-17 06:02:37,7555,add_to_cart
2023-12-17 12:08:12,9537,purchase
2023-12-17 13:20:00,1299,add_to_cart
2023-12-17 18:21:00,6536,logout
2023-12-17 23:15:19,2568,view
2023-12-17 22:07:24,8640,click
2023-12-17 01:37:46,5240,view
2023-12-17 02:10:36,8285,view
2023-12-17 11:56:19,9577,view
2023-12-17 00:27:37,6509,click
2023-12-17 14:33:45,2708,purchase
2023-12-17 22:50:15,1681,click
2023-12-17 05:05:27,6312,purchase
2023-12-17 04:09:48,6620,add_to_cart
2023-12-17 05:48:53,4139,click
2023-12-17 09:38:56,5269,add_to_cart
2023-12-17 05:10:58,3312,logout
2023-12-17 17:12:17,2316,logout
2023-12-17 03:53:15,7833,purchase
2023-12-17 22:29:19,3135,click
2023-12-17 09:00:45,9643,add_to_cart
2023-12-17 14:10:43,7887,logout
2023-12-17 15:28:18,7627,click
2023-12-17 06:11:32,9333,add_to_cart
2023-12-17 04:54:34,1714,view
2023-12-17 15:21:01,8143,view
2023-12-17 00:07:25,3407,add_to_cart
2023-12-17 01:32:32,8625,logout
2023-12-17 09:21:08,2396,view
2023-12-17 06:47:43,3297,logout
2023-12-17 12:18:03,7228,logout
2023-12-17 13:29:06,7018,view
2023-12-17 22:08:53,5721,purchase
2023-12-17 10:58:41,5979,add_to_cart
2023-12-17 07:25:07,7650,logout
2023-12-17 12:19:53,8588,logout
2023-12-17 06:31:33,2254,add_to_cart
2023-12-17 17:36:18,4451,click
2023-12-17 14:57:04,7051,add_to_cart
2023-12-17 10:01:59,1779,purchase
2023-12-17 03:34:37,6878,logout
2023-12-17 14:07:29,4891,purchase
2023-12-17 14:59:11,1828,purchase
2023-12-17 15:50:40,1369,logout
2023-12-17 03:37:59,9304,view
2023-12-17 13:25:48,1018,click
2023-12-17 02:33:42,9932,click
2023-12-17 15:47:35,2041,logout
2023-12-17 21:23:48,6188,click
2023-12-17 03:53:45,8064,purchase
2023-12-17 06:28:25,5673,purchase
2023-12-17 00:34:57,4394,purchase
2023-12-17 02:15:44,8798,add_to_cart
2023-12-17 07:32:04,4296,purchase
2023-12-17 13:51:55,1049,purchase
2023-12-17 05:11:14,8499,view
2023-12-17 21:31:48,1045,click
2023-12-17 00:05:29,6128,view
2023-12-17 14:45:22,8310,add_to_cart
2023-12-17 01:38:11,3633,purchase
2023-12-17 18:40:21,7446,add_to_cart
2023-12-17 18:14:30,4800,view
2023-12-17 17:11:58,4668,logout
2023-12-17 13:45:14,7849,view
2023-12-17 18:57:05,3615,add_to_cart
2023-12-17 18:40:00,5595,add_to_cart
2023-12-17 07:42:13,5462,purchase
2023-12-17 02:52:36,1856,logout
2023-12-17 03:55:33,5439,click
2023-12-17 18:18:54,6470,click
2023-12-17 21:04:05,2674,view
2023-12-17 20:32:03,1423,click
2023-12-17 22:01:23,4510,click
2023-12-17 03:37:53,8892,add_to_cart
2023-12-17 08:30:48,2670,click
2023-12-17 09:25:31,3518,view
2023-12-17 02:27:39,5442,add_to_cart
2023-12-17 00:46:49,6802,click
2023-12-17 15:10:51,2476,view
2023-12-17 07:02:07,1464,logout
2023-12-17 16:05:41,1320,view
2023-12-17 09:58:12,5192,click
2023-12-17 04:35:57,7825,view
2023-12-17 13:11:03,1481,purchase
2023-12-17 05:48:36,3424,logout
2023-12-17 04:28:56,7907,click
2023-12-17 05:12:44,8621,view
2023-12-17 15:17:24,4067,click
2023-12-17 09:19:39,3273,add_to_cart
2023-12-17 13:09:26,5327,logout
2023-12-17 04:45:22,8277,click
2023-12-17 15:41:37,8112,add_to_cart
2023-12-17 12:15:20,1907,add_to_cart
2023-12-17 03:23:13,8351,logout
2023-12-17 16:12:36,4035,add_to_cart
2023-12-17 21:22:49,9148,view
2023-12-17 16:55:49,5048,view
2023-12-17 02:15:38,2292,view
2023-12-17 22:30:11,2248,logout
2023-12-17 08:36:20,1652,purchase
2023-12-17 23:13:49,8580,view
2023-12-17 22:16:21,5467,purchase
2023-12-17 03:48:55,6583,purchase
2023-12-17 09:36:38,7999,logout
2023-12-17 09:30:44,5063,view
2023-12-17 10:42:14,1232,view
2023-12-17 03:18:07,8514,logout
2023-12-17 02:23:05,7229,click
2023-12-17 04:47:52,6815,purchase
2023-12-17 19:04:23,9798,click
2023-12-17 23:09:33,1043,logout
2023-12-17 13:21:23,2072,logout
2023-12-17 15:36:39,6749,add_to_cart
2023-12-17 13:27:50,2006,add_to_cart
2023-12-17 14:02:04,6366,click
2023-12-17 11:03:38,4603,logout
2023-12-17 11:15:18,5016,click
2023-12-17 12:49:38,3461,logout
2023-12-17 09:26:09,7792,view
2023-12-17 18:53:00,8313,view
2023-12-17 05:48:36,3719,add_to_cart
2023-12-17 08:49:18,4424,logout
2023-12-17 16:37:05,1179,add_to_cart
2023-12-17 17:16:08,8937,logout
2023-12-17 20:24:29,5970,purchase
2023-12-17 04:59:46,1960,logout
2023-12-17 20:23:58,6048,click
2023-12-17 15:01:22,4605,view
2023-12-17 01:33:32,3991,logout
2023-12-17 00:46:59,5427,view
2023-12-17 04:48:47,1741,view
2023-12-17 02:41:56,6056,purchase
2023-12-17 15:00:59,7741,view
2023-12-17 11:54:34,6279,logout
2023-12-17 20:27:54,7382,logout
2023-12-17 04:15:23,5959,view
2023-12-17 00:27:14,1767,click
2023-12-17 21:19:25,4200,click
2023-12-17 14:53:05,3911,add_to_cart
2023-12-17 01:27:39,3796,purchase
2023-12-17 21:22:04,4741,click
2023-12-17 17:04:55,9086,click
2023-12-17 11:43:55,4473,view
2023-12-17 01:12:16,6063,add_to_cart
2023-12-17 23:11:01,1802,add_to_cart
2023-12-17 11:18:50,4839,purchase
2023-12-17 01:07:48,9130,logout
2023-12-17 03:29:23,1002,add_to_cart
2023-12-17 03:53:13,1766,logout
2023-12-17 05:21:09,3745,add_to_cart
2023-12-17 05:32:24,4979,purchase
2023-12-17 14:44:35,8754,purchase
2023-12-17 07:15:55,5106,purchase
2023-12-17 16:57:22,8272,click
2023-12-17 05:19:09,6524,add_to_cart
2023-12-17 10:51:49,8539,view
2023-12-17 20:26:43,9414,view
2023-12-17 09:09:28,1108,add_to_cart
2023-12-17 22:12:32,4079,add_to_cart
2023-12-17 07:14:28,3900,click
2023-12-17 11:10:58,7504,click
2023-12-17 05:14:01,9771,purchase
2023-12-17 16:18:26,7492,add_to_cart
2023-12-17 17:07:23,1652,add_to_cart
2023-12-17 05:07:17,1250,logout
2023-12-17 14:36:07,4877,add_to_cart
2023-12-17 05:08:04,3848,add_to_cart
2023-12-17 13:41:49,5811,view
2023-12-17 02:18:34,2809,click
2023-12-17 18:59:19,7282,click
2023-12-17 22:19:43,5033,logout
2023-12-17 12:22:10,7816,add_to_cart
2023-12-17 17:24:46,9141,click
2023-12-17 00:25:47,4881,click
2023-12-17 15:18:37,6020,add_to_cart
2023-12-17 21:11:36,7855,view
2023-12-17 15:07:41,9891,logout
2023-12-17 16:11:24,9176,view
2023-12-17 19:49:24,8415,add_to_cart
2023-12-17 22:45:55,6677,click
2023-12-17 05:55:00,6811,purchase
2023-12-17 23:17:11,8256,logout
2023-12-17 14:17:56,7299,add_to_cart
2023-12-17 04:18:28,4805,add_to_cart
2023-12-17 15:32:20,4953,click
2023-12-17 07:25:07,7599,view
2023-12-17 21:14:15,2529,click
2023-12-17 20:17:26,1683,logout
